Time,Speed,Location,County,State,Lat,Lon,Comments
1200,UNK,4 ENE BROOKWOOD,FORSYTH,GA,34.12,-84.12,TREE DOWN ALONG JAMES BURGESS RD. (FFC)
1314,UNK,2 S BEECHWOOD HILLS,OCONEE,GA,33.92,-83.41,TREES DOWN AT EXIT 4 ON THE ATHENS PERIMETER. (FFC)
1314,UNK,1 SE BEECHWOOD HILLS,CLARKE,GA,33.93,-83.4,TREE DOWN ON DOGWOOD DR. (FFC)
1315,UNK,1 SE BEECHWOOD HILLS,CLARKE,GA,33.93,-83.4,CORRECTS PREVIOUS TSTM WND DMG REPORT FROM 1 SE BEECHWOOD HILLS. NUMEROUS TREES FELL ALONG DOGWOOD DR WITH SOME OF THEM FALLING ON MULTIPLE HOMES. (FFC)
1316,UNK,2 S ATHENS,CLARKE,GA,33.93,-83.38,MULTIPLE TREES DOWN ON MILLEDGE AVE NEAR EAST CAMPUS RD. (FFC)
1316,UNK,2 ESE BEECHWOOD HILLS,CLARKE,GA,33.93,-83.39,TREE DOWN ON CAR ON PARKWAY DR. (FFC)
1320,UNK,2 S ATHENS,CLARKE,GA,33.93,-83.38,MULTIPLE TREES DOWN NEAR THE INTERSECTION OF PINECREST DR AND PINECREST CT. (FFC)
1327,UNK,SOCIAL CIRCLE,WALTON,GA,33.65,-83.71,DOWNED TREE AT EAST HIGHTOWER TRAIL AND JONES RD. (FFC)
1337,UNK,ROSE HILL,OCONEE,GA,33.78,-83.31,TREES DOWN AT GREESNBORO HWY AND WIRE BRIDGE RD. (FFC)
1437,UNK,3 SW BEECHWOOD HILLS,OCONEE,GA,33.91,-83.45,TREES DOWN AT EXIT 1 ON THE ATHENS PERIMETER. (FFC)
1442,UNK,2 S MOUNT CORY,HANCOCK,OH,40.9,-83.83,TREE DOWN ON COUNTY ROAD 33. TIME ESTIMATED VIA RADAR. (CLE)
1450,60,2 WNW TONTOGANY,WOOD,OH,41.43,-83.78,MESONET STATION AU885 1 WNW TONTOGANY. (CLE)
1453,59,4 N WHITEHOUSE,LUCAS,OH,41.58,-83.8,ASOS STATION KTOL TOLEDO. (CLE)
1504,UNK,PEMBERVILLE,WOOD,OH,41.41,-83.46,UTILITY POLE SNAPPED IN GENOA. (CLE)
1505,UNK,2 ESE TOLEDO,LUCAS,OH,41.66,-83.54,SEVERAL LARGE TREE LIMBS DOWN IN THE COUNTY... PRIMARILY IN THE TOLEDO AREA. TIME ESTIMATED VIA RADAR. (CLE)
1506,UNK,3 SW WALBRIDGE,WOOD,OH,41.56,-83.53,NUMEROUS UTILITY POLES DOWN ACROSS THE NORTHERN PART OF THE COUNTY... PRIMARILY FROM PERRYSBURG TO MILLBURY. TIME ESTIMATED VIA RADAR. (CLE)
1510,UNK,DUNDEE,MONROE,MI,41.96,-83.66,AMATEUR RADIO OPERATOR REPORTS NUMEROUS WIRES DOWN... PARTIAL APARTMENT BUILDING ROOF DESTROYED... AND DAMAGE TO GAZEBO IN DOWNTOWN DUNDEE. (DTX)
1512,61,2 SW FINDLAY,HANCOCK,OH,41.02,-83.67,ASOS STATION KFDY FINDLAY. (CLE)
1514,UNK,1 ENE TIFFIN,SENECA,OH,41.12,-83.17,SEVERAL REPORTS OF DOWNED LIMBS... TREES... AND UTILITY POLES ACROSS SENECA COUNTY. TIME ESTIMATED VIA RADAR. (CLE)
1516,66,3 ESE CLAY CENTER,OTTAWA,OH,41.56,-83.31,TRAINED SPOTTER MEASURED ON HOME WEATHER STATION IN MARTIN. (CLE)
1520,71,9 ENE OREGON,LEZ142,OH,41.7,-83.26,MESONET STATION TWCO1 8 ENE OREGON. (CLE)
1524,UNK,1 ENE BUCYRUS,CRAWFORD,OH,40.81,-82.95,ROOF OF LOCAL BUSINESS BLOWN OFF. TIME ESTIMATED VIA RADAR. (CLE)
1524,UNK,BUCYRUS,CRAWFORD,OH,40.81,-82.98,SCATTERED REPORTS OF TREES AND LARGE BRANCHES DOWN ACROSS CRAWFORD COUNTY. (CLE)
1526,UNK,CARDINGTON,MORROW,OH,40.5,-82.89,MULTIPLE REPORTS OF TREES AND POWERLINES DOWN IN CARDINGTON. TIME ESTIMATED VIA RADAR. (CLE)
1526,64,1 NNW ARCADIA,HANCOCK,OH,41.12,-83.52,MESONET STATION GW2591 ARCADIA. (CLE)
1530,UNK,MOUNT GILEAD,MORROW,OH,40.55,-82.85,MULTIPLE REPORTS OF TREES AND POWERLINES DOWN IN MOUNT GILEAD. TIME ESTIMATED VIA RADAR. (CLE)
1530,82,9 ENE OREGON,LEZ142,OH,41.7,-83.26,MESONET STATION TWCO1 8 ENE OREGON PEAK GUST OF 71 KNOTS (82 MPH). (CLE)
1530,UNK,CARLETON,MONROE,MI,42.06,-83.39,NUMEROUS TREES AND WIRES DOWN REPORTED ACROSS NORTHEAST PORTIONS OF MONROE COUNTY. TIME ESTIMATED BY RADAR. (DTX)
1533,58,4 NE MARION,MARION,OH,40.62,-83.07,ASOS STATION KMNN MARION. (CLE)
1537,UNK,MARENGO,MORROW,OH,40.4,-82.81,MULTIPLE REPORTS OF TREES AND POWERLINES DOWN IN MARENGO. TIME ESTIMATED VIA RADAR. (CLE)
1546,UNK,4 SSW HURON,ERIE,OH,41.35,-82.59,SEVERAL REPORTS OF FALLEN TREES... BRANCHES... AND UTILITY POLES ACROSS ERIE COUNTY... OH DUE TO THUNDERSTORM WIND GUSTS. TIME ESTIMATED VIA RADAR. (CLE)
1547,UNK,FREDERICKTOWN,KNOX,OH,40.48,-82.54,NUMEROUS REPORTS OF TREES AND POWERLINES DOWN IN FREDERICKTOWN. TIME ESTIMATED VIA RADAR. (CLE)
1548,UNK,1 NW MOUNT VERNON,KNOX,OH,40.4,-82.48,NUMEROUS REPORTS OF TREES AND POWERLINES DOWN IN MT. VERNON. TIME ESTIMATED VIA RADAR. (CLE)
1548,UNK,ONTARIO,RICHLAND,OH,40.76,-82.6,*DELAYED REPORT* TOP OF PINE TREE SNAPPED OFF BY WIND NEAR ONTARIO. (CLE)
1552,UNK,1 S ASHLAND,ASHLAND,OH,40.85,-82.32,NUMEROUS TREES AND UTILITY LINES DOWN SOUTH OF THE CITY. (CLE)
1554,UNK,PERRYSVILLE,ASHLAND,OH,40.66,-82.31,*DELAYED REPORT* PORTION OF A BARN ROOF TORN OFF. (CLE)
1555,UNK,7 N LAKE VESUVIUS,LAWRENCE,OH,38.72,-82.63,LARGE TREE DOWN IN THE ROADWAY... 16700 BLOCK OF STATE ROUTE 93. (RLX)
1557,UNK,NEWTON FALLS,TRUMBULL,OH,41.19,-80.97,NWS EMPLOYEE REPORTED A LARGE TREE DOWN ON PROPERTY WITH NUMEROUS TREE DOWN AROUND THE AREA. (CLE)
1558,UNK,WAKEMAN,HURON,OH,41.26,-82.4,TREES AND POWERLINES DOWN AROUND THE AREA OF LINCOLN AND GREEN ROADS. (CLE)
1559,62,4 N MANSFIELD,RICHLAND,OH,40.82,-82.52,ASOS STATION KMFD MANSFIELD. (CLE)
1600,UNK,7 W CROWN CITY,LAWRENCE,OH,38.61,-82.41,TREE DOWN ACROSS COUNTY ROAD 2 NORTH OF WILLOW WOOD. (RLX)
1600,UNK,LOUDONVILLE,ASHLAND,OH,40.64,-82.23,UTILITY POLE SNAPPED ON WEST MAIN STREET. TIME ESTIMATED VIA RADAR. (CLE)
1600,UNK,1 NNE VERMILION,LORAIN,OH,41.43,-82.3,SHINGLES AND A SMALL PORTION OF A ROOF RIPPED OFF OF A RESIDENCE. TIME ESTIMATED VIA RADAR. (CLE)
1601,UNK,ASHLAND,ASHLAND,OH,40.87,-82.32,LARGE TREE LIMBS DOWN AND A ROOF BLOWN OFF AN OUTBUILDING. (CLE)
1607,UNK,4 NNW NASHVILLE,HOLMES,OH,40.66,-82.13,LARGE TREE DOWN NEAR STATE ROUTE 226 AND STATE ROUTE 179. TIME ESTIMATED VIA RADAR. (CLE)
1607,UNK,2 NNE LORAIN,LORAIN,OH,41.46,-82.18,LARGE TREE UPROOTED AND DOWN ON HOUSE. TIME ESTIMATED VIA RADAR. (CLE)
1608,UNK,GLENMONT,HOLMES,OH,40.52,-82.1,SEVERAL REPORTS OF TREES AND POWERLINES DOWN IN GLENMONT. TIME ESTIMATED VIA RADAR. (CLE)
1610,61,3 E SOUTH AMHERST,LORAIN,OH,41.35,-82.18,ASOS STATION KLPR LORAIN ELYRIA. (CLE)
1613,UNK,WOOSTER,WAYNE,OH,40.81,-81.94,*DELAYED REPORT* PINE TREE SNAPPED OFF... PARTIALLY LANDING ON A DETACHED GARAGE CAUSING MINOR DAMAGE. (CLE)
1613,UNK,3 SSE ELYRIA,LORAIN,OH,41.34,-82.08,TREE DOWN ON S. ABBE ROAD NEAR CHESTNUT RIDGE ROAD. TIME ESTIMATED VIA RADAR. (CLE)
1614,UNK,5 W APPLE CREEK,WAYNE,OH,40.74,-81.93,*DELAYED REPORT* ONE POWER POLE SNAPPED AND FELL ONTO OH 83 WITH SEVERAL OTHERS PARTIALLY SNAPPED AND LEANING OVER THE ROAD. (CLE)
1615,UNK,MILLERSBURG,HOLMES,OH,40.56,-81.92,SEVERAL REPORTS OF TREES AND POWERLINES DOWN IN MILLERSBURG. TIME ESTIMATED VIA RADAR. (CLE)
1616,UNK,1 NNE AVON,LORAIN,OH,41.47,-82.02,TREE DOWN ON POWERLINES. (CLE)
1617,UNK,LAKEWOOD,CUYAHOGA,OH,41.48,-81.78,*DELAYED REPORT* LARGE TREE SNAPPED AT NIAGARA PARK IN LAKEWOOD. (CLE)
1618,UNK,4 N APPLE CREEK,WAYNE,OH,40.8,-81.84,TREES DOWN ON APPLE CREEK ROAD. (CLE)
1620,UNK,COSHOCTON,COSHOCTON,OH,40.26,-81.85,TREES AND POWER LINES DOWN IN AND AROUND TOWN OF COSHOCTON. (PBZ)
1620,UNK,2 SSE RITTMAN,WAYNE,OH,40.94,-81.76,TREES AND UTILITY POLES DOWN ALL ACROSS WAYNE COUNTY. COUNTY DISPATCH SAID THAT DOYLESTOWN... CHIPPEWA... AND AREAS NORTH OF WOOSTER WERE HIT HARDEST. TIME ESTIMATED VI (CLE)
1620,UNK,MEDINA,MEDINA,OH,41.14,-81.86,*DELAYED REPORT* LARGE PINE TREE WAS UPROOTED AND LANDED ON A HOUSE. (CLE)
1622,UNK,5 SE FREDERICKSBURG,HOLMES,OH,40.63,-81.78,ROOF PARTIALLY BLOWN OFF RESIDENCE NEAR STATE ROUTE 241 AND COUNTY ROAD 77. TIME ESTIMATED VIA RADAR. (CLE)
1622,UNK,5 SE BRUNSWICK,MEDINA,OH,41.19,-81.74,POLES AND WIRES DOWN NEAR I271 AND RIDGE ROAD. (CLE)
1625,59,1 WNW SMITHVILLE,WAYNE,OH,40.87,-81.88,ASOS STATION KBJJ WOOSTER. (CLE)
1625,UNK,5 SSE BRUNSWICK,MEDINA,OH,41.18,-81.79,LARGE TREE DOWN ACROSS NICHOLS ROAD SOUTH OF WEYMOUTH. (CLE)
1625,UNK,RICHFIELD,SUMMIT,OH,41.23,-81.64,3 LARGE TREES DOWN NEAR ROUTE 303 AND ROUTE 176. (CLE)
1628,UNK,2 SSW MONTROSE-GHENT,SUMMIT,OH,41.14,-81.66,TREE AND UTILITY POLE REPORTED DOWN NEAR INTERSTATE 71 AND SR 18. (CLE)
1628,UNK,KENT,PORTAGE,OH,41.15,-81.36,NUMEROUS TREES REPORTED DOWN ACROSS THE CITY. (CLE)
1629,UNK,3 NW RICHFIELD,SUMMIT,OH,41.26,-81.68,TREE DOWN ACROSS ROAD AT HINCKLEY RESERVATION ENTRANCE. TIME ESTIMATED VIA RADAR. (CLE)
1630,UNK,1 WNW CANAL FULTON,STARK,OH,40.89,-81.6,SEVERAL TELEPHONE POLES SNAPPED IN CANAL FULTON. TIME ESTIMATED VIA RADAR. (CLE)
1630,UNK,CUYAHOGA FALLS,SUMMIT,OH,41.14,-81.47,LARGE TREE DOWN. (CLE)
1632,UNK,1 NNE SEVEN HILLS,CUYAHOGA,OH,41.39,-81.67,*DELAYED REPORT* TREE DOWNED ACROSS CROSSVIEW RD BRINGING DOWN WIRES. (CLE)
1633,UNK,1 E MASSILLON,STARK,OH,40.8,-81.51,*DELAYED REPORT* NUMEROUS WHOLE TREES AND LARGE LIMBS DOWNED BETWEEN MASSILLON AND PERRY TWP WITH SOME FALLING ON HOMES... GARAGES... AND POWER-LINES. (CLE)
1633,UNK,2 WNW GREEN,SUMMIT,OH,40.95,-81.52,NUMEROUS TREES DOWN NEAR INTERSECTION OF CHRISTMAN AND EAST CASTON ROADS. (CLE)
1633,UNK,1 NNE CUYAHOGA FALLS,SUMMIT,OH,41.19,-81.51,NUMEROUS TREES REPORTED DOWN. (CLE)
1633,UNK,2 WSW WILLOWICK,CUYAHOGA,OH,41.62,-81.5,PIECE OF A ROOF BLEW OFF A BUILDING AND DAMAGED SEVERAL VEHICLES IN PARKING LOT. (CLE)
1634,60,3 ESE CANAL FULTON,STARK,OH,40.88,-81.53,*DELAYED REPORT* MEASURED ON HOME WEATHER STATION IN JACKSON TWP. MANY LARGE PINE TREES UPROOTED AND BLOCKING ROADWAYS. (CLE)
1635,UNK,2 N BURLINGTON,LAWRENCE,OH,38.43,-82.53,TREE DOWN WITH POWERLINES ALONG COUNTY ROAD 120. (RLX)
1635,UNK,NEW PHILADELPHIA,TUSCARAWAS,OH,40.49,-81.44,MULTIPLE TREES REPORTED DOWN WITHIN THE TOWN. (PBZ)
1635,UNK,INDEPENDENCE,CUYAHOGA,OH,41.37,-81.65,*DELAYED REPORT* TREE FELL ON A HOUSE. (CLE)
1636,UNK,2 SW SILVER LAKE,SUMMIT,OH,41.13,-81.48,ROOF BLOWN OFF A CHURCH NEAR BROAD BLVD AND 2ND STREET. (CLE)
1637,UNK,CANTON,STARK,OH,40.79,-81.41,*DELAYED REPORT* PINE TREE UPROOTED ONTO HOUSE. MULTIPLE TREES DOWN IN THE VICINITY. PEA SIZED HAIL ALSO NOTED. (CLE)
1637,59,2 WNW LAKEMORE,SUMMIT,OH,41.03,-81.47,ASOS STATION KAKR AKRON FULTON INTERNATIONAL AIRPORT. (CLE)
1638,UNK,SOLON,CUYAHOGA,OH,41.37,-81.42,*DELAYED REPORT* MULTIPLE TREES DOWN ALONG LIBERTY ROAD SOUTH OF AURORA ROAD. ALSO A TREE AND WIRES BLOCKING AURORA ROAD EAST OF LIBERTY ROAD. (CLE)
1639,64,3 N CLEVELAND,CUYAHOGA,OH,41.52,-81.68,ASOS STATION KBKL CLEVELAND. (CLE)
1640,UNK,2 NNE DUNBAR,KANAWHA,WV,38.4,-81.73,LARGE TREE DOWN BLOCKING BIG TYLER ROAD NEAR VICTORIA RD... BETWEEN CHARLESTON AND CROSS LANES. (RLX)
1640,UNK,DOVER,TUSCARAWAS,OH,40.53,-81.48,WIDESPREAD TREES POWER LINES DOWN IN DOVER... MINERAL CITY AND SHERRODSVILLE. SOME TREES ON HOUSES IN THESE LOCATIONS. NO INJURIES REPORTED. (PBZ)
1640,UNK,2 SSE NORTH CANTON,STARK,OH,40.85,-81.38,ROOF OF GLENWOOD INTERMEDIATE SCHOOL BLOWN OFF. TIME ESTIMATED VIA RADAR. (CLE)
1640,UNK,2 ENE NORTH CANTON,STARK,OH,40.89,-81.36,UTILITY POLE DOWN AND DOWNED WIRES ON FIRE ON ROADWAY NEAR ROUTE 43. TIME ESTIMATED VIA RADAR. (CLE)
1640,UNK,1 W CLEVELAND HEIGHTS,CUYAHOGA,OH,41.52,-81.57,*DELAYED REPORT* TREE FELL THROUGH HOUSE. (CLE)
1641,UNK,2 N STOW,SUMMIT,OH,41.2,-81.45,*DELAYED REPORT* SEVERAL TREES SNAPPED IN THE STOW AND HUDSON AREA. SOME FELL ONTO ROADS AND TOOK DOWN POWER-LINES. (CLE)
1641,UNK,BAINBRIDGE,GEAUGA,OH,41.39,-81.34,CORRECTS PREVIOUS TSTM WND DMG REPORT FROM BAINBRIDGE. LARGE TREE UPROOTED NEAR ROUTE 306 AND BAINBRIDGE ROAD. (CLE)
1643,UNK,3 N LOUISVILLE,STARK,OH,40.88,-81.26,*DELAYED REPORT* LARGE TREE UPROOTED. ESTIMATED 65 MPH WIND GUST. (CLE)
1645,UNK,BERGHOLZ,JEFFERSON,OH,40.52,-80.88,WIDESPREAD TREESS/LINES DOWN ACROSS COUNTY INCLUDING RICHMOND... STEUBENVILLE AND BLOOMINGDALE. (PBZ)
1645,UNK,2 NNE MASSILLON,STARK,OH,40.82,-81.51,LARGE TREE DOWN ON A CAR. WIRES DOWN. (CLE)
1645,UNK,SALEM,COLUMBIANA,OH,40.9,-80.85,WIDESPREAD TREES AND LINES DOWN THROUGHOUT COUNTY. INITIAL DAMAGE BEGAN 1230-1245 PM. (PBZ)
1645,UNK,RAVENNA,PORTAGE,OH,41.16,-81.24,NUMEROUS TREES REPORTED DOWN ACROSS THE CITY. (CLE)
1645,UNK,AURORA,PORTAGE,OH,41.31,-81.34,NUMEROUS TREES REPORTED DOWN ACROSS THE CITY. (CLE)
1646,UNK,CHAGRIN FALLS,CUYAHOGA,OH,41.43,-81.4,*DELAYED REPORT* VIDEO OF WIND GUSTS DOWNING SEVERAL LARGE LIMBS IN A WOODED AREA ACROSS THE STREET. (CLE)
1648,79,1 NNW FAIRPORT HARBOR,LAKE,OH,41.76,-81.28,LIGHTHOUSE FAIO1 FAIRPORT... OH PEAK GUST OF 69 KNOTS. (CLE)
1649,UNK,1 WNW CHARDON,GEAUGA,OH,41.58,-81.22,*DELAYED REPORT* DOWNED TREE TOOK OUT A POWER POLE AND LINES. (CLE)
1650,UNK,10 N CADIZ,HARRISON,OH,40.41,-80.99,TWO OUTBUIDLINGS DESTROYED WITH MATERIAL LOFTED INTO A NEARBY STRTUCTURE 30-40 FEET UP. (PBZ)
1650,UNK,4 SSE PAINESVILLE,LAKE,OH,41.67,-81.22,*DELAYED REPORT* LARGE PINE TREE UPROOTED IN CONCORD TWP. (CLE)
1652,UNK,ALLIANCE,STARK,OH,40.92,-81.11,*DELAYED REPORT* LARGE TREE SNAPPED AT BASE. (CLE)
1654,UNK,HIRAM,PORTAGE,OH,41.31,-81.15,*DELAYED REPORT* ONE LARGE MAPLE UPROOTED WITH TWO OTHERS SNAPPED OFF. (CLE)
1656,UNK,1 SSE IBERIA,GRAYSON,KY,37.36,-86.16,TREES UPROOTED... GARAGE DOOR BLOWN IN... OUTBUILDINGS DAMAGED ON NOLIN ESTATES ROAD. (LMK)
1656,UNK,GARRETTSVILLE,PORTAGE,OH,41.28,-81.1,*DELAYED REPORT* A LARGE TREE SNAPPED AND FELL ONTO A MOBILE HOME RESULTING IN SIGNIFICANT DAMAGE. (CLE)
1656,70,MIDDLEFIELD,GEAUGA,OH,41.46,-81.08,(CLE)
1657,UNK,NEWTON FALLS,TRUMBULL,OH,41.19,-80.97,CORRECTS PREVIOUS TSTM WND DMG REPORT FROM NEWTON FALLS. NWS EMPLOYEE REPORTED A LARGE TREE DOWN ON PROPERTY WITH NUMEROUS TREE DOWN AROUND THE AREA. (CLE)
1700,UNK,ST. CLAIRSVILLE,BELMONT,OH,40.08,-80.9,FIBER OPTIC CABLES DOWNED WITHIN THE TOWN. (PBZ)
1700,UNK,1 SE WILLOW GROVE,COLUMBIANA,OH,40.88,-80.88,TREES DOWN (PBZ)
1701,UNK,1 W WINDSOR TWP,ASHTABULA,OH,41.54,-80.94,*DELAYED REPORT* LARGE PINE TREE UPROOTED. (CLE)
1705,UNK,3 NE TURNPIKE INTERCHAN,TRUMBULL,OH,41.25,-80.9,*** 1 FATAL *** A LARGE TREE FELL ON A RESIDENCE ON PARK ROAD IN LEAVITTSBURG... ENTRAPPING AN OCCUPANT THAT RESULTED IN A FATALITY. (CLE)
1707,UNK,SALEM,COLUMBIANA,OH,40.9,-80.85,METAL CARPORT DISPLACED ON ROUTE 14. TIME BASED OFF THE RADAR. (PBZ)
1708,UNK,8 NNW ORANGEVILLE,TRUMBULL,OH,41.46,-80.57,PINE TREE FELL ON A HOUSE ON KINSMAN ROAD. (CLE)
1710,UNK,LOVI,BEAVER,PA,40.68,-80.15,NUMEROUS TREES UPROOTED. (PBZ)
1710,UNK,AUSTINTOWN,MAHONING,OH,41.09,-80.74,*DELAYED REPORT* DOWNED TREE BLOCKING RAY AVE IN AUSTINTOWN. OTHER TREES REPORTED DOWNED IN THE AREA WITH POWER OUTAGES ALSO NOTED IN THE REPORT. (CLE)
1711,UNK,NORTH LIMA,MAHONING,OH,40.96,-80.66,*DELAYED REPORT* TREE DOWN. (CLE)
1713,UNK,3 W BELMONT,BELMONT,OH,40.03,-81.1,TREES REPORTED DOWN ALONG STATE ROUTE 147 WEST OF BELMONT. (PBZ)
1713,UNK,2 N SCOTCH HILL,CLARION,PA,41.35,-79.26,MULTIPLE TREES DOWN BETWEEN LEEEPR AND COOK FOREST ALONG ROUTE 36. (PBZ)
1713,UNK,1 ENE GIRARD,ERIE,PA,42.01,-80.3,10 PINE TREE SNAPPED HALFWAY UP NEAR ROUTE 20 AND IMPERIAL PARKWAY. (CLE)
1714,UNK,POLAND,MAHONING,OH,41.02,-80.62,*DELAYED REPORT* NUMEROUS TREES DOWNED IN POLAND. (CLE)
1714,UNK,GIRARD,TRUMBULL,OH,41.15,-80.71,*DELAYED REPORT* AT LEAST TWO LARGE TREES UPROOTED WITH MULTIPLE LARGE LIMBS ALSO DOWNED. AT LEAST ONE LARGE LIMB FELL ONTO A ROADWAY... RESULTING IN CLOSURE OF THE ROA (CLE)
1714,UNK,1 ESE VIENNA,TRUMBULL,OH,41.25,-80.67,ASOS STATION KYNG YOUNGSTOWN. (CLE)
1715,UNK,6 NNW ELLENBORO,PLEASANTS,WV,39.34,-81.11,OUTAGES DUE TO TREE DAMAGE REPORTED NEAR WILEY. (RLX)
1718,UNK,UNADILLA,DOOLY,GA,32.26,-83.73,POWERLINES DOWN AT BORUM ST AND PEAVY ST. (FFC)
1719,UNK,1 WSW MAPLEDALE,VENANGO,PA,41.38,-79.88,PARTIAL COLLAPSE OF A STRUCTURE ON MERCER ROAD (PBZ)
1719,62,5 NE JEFFERSON,ASHTABULA,OH,41.78,-80.7,ASOS STATION KHZY ASHTABULA. (CLE)
1720,UNK,1 N CARNOT-MOON,ALLEGHENY,PA,40.53,-80.21,SEVERAL LARGE BRANCHES DOWN ON WYNGATE ROAD. PICTURE PROVIDED. (PBZ)
1720,UNK,LAWRENCEVILLE,HANCOCK,WV,40.61,-80.54,TREES AND WIRES DOWN ON JOHNSONVILLE ROAD (PBZ)
1720,UNK,CHESTER,HANCOCK,WV,40.61,-80.57,TREES DOWN ON CHURCH ALLEY AND THE CITY PARK. TIME ESTIMATED FROM RADAR. (PBZ)
1720,UNK,WEST MIDDLESEX,MERCER,PA,41.17,-80.46,TREES DOWN IN WEST MIDDLESEX... INCLUDING ON BEDFORD ROAD... CAUSING POWER OUTAGES. TIME ESTIMATED FROM RADAR. (PBZ)
1720,UNK,HERMITAGE,MERCER,PA,41.23,-80.44,TREES DOWN IN HERMITAGE. TIME ESTIMATED FROM RADAR. (PBZ)
1720,UNK,MAYSVILLE,MERCER,PA,41.4,-80.45,TREES DOWN IN WEST SALEM TOWNSHIP. TIME ESTIMATED FROM RADAR. (PBZ)
1720,UNK,6 SSE ANDOVER,ASHTABULA,OH,41.53,-80.53,DOWNED TREE PARTIALLY BLOCKING US-322 JUST BEFORE PENNSYLVANIA BORDER. (CLE)
1720,UNK,5 SSE ANDOVER,ASHTABULA,OH,41.54,-80.54,BARN COLLAPSED ONE MILE EAST OF WILLIAMSFIELD... OH. TIME ESTIMATED VIA RADAR. (CLE)
1721,58,5 NE MCKEAN,ERIE,PA,42.05,-80.08,GUST RECORDED NEAR I90 AND ROUTE 19. (CLE)
1722,UNK,JAMESTOWN,MERCER,PA,41.48,-80.44,TREES DOWN ON WIRES. RADAR ESTIMATED TIME. (PBZ)
1723,58,WHEELING AIRPORT,OHIO,WV,40.17,-80.65,(PBZ)
1724,UNK,SMITHVILLE,LEE,GA,31.9,-84.25,POWERLINES DOWN IN SMITHVILLE. TIME ESTIMATED BY RADAR. (TAE)
1725,UNK,CANONSBURG,WASHINGTON,PA,40.26,-80.19,SIDING BLOWN OFF HOUSE AND TREE DOWN IN YARD. TIME ESTIMATED FROM RADAR. (PBZ)
1725,60,PITTSBURGH INTL AIRPORT,ALLEGHENY,PA,40.5,-80.27,(PBZ)
1725,UNK,NEW CASTLE,LAWRENCE,PA,41,-80.35,OAK TREES DOWN AND BRANCHES DISPLACED AROUND THE CITY. TIME BASED ON THE RADAR. (PBZ)
1727,UNK,EDINBORO,ERIE,PA,41.87,-80.12,*DELAYED REPORT* NUMEROUS CALLS FOR DOWNED TREES AND POWER-LINES CAME INTO DISPATCH FROM ACROSS ERIE COUNTY. POWER OUTAGES WERE MOST CONCENTRATED JUST EAST OF I-79 IN M (CLE)
1728,UNK,2 WNW IMPERIAL,ALLEGHENY,PA,40.46,-80.28,TWO TREES DOWN IN OBSERVER YARD. PICTURES PROVIDED. (PBZ)
1730,UNK,SUGARCREEK,TUSCARAWAS,OH,40.51,-81.64,SIDING TORN OFF OF A HOUSE. PICTURES PROVIDED. TIME ESTIMATED. (PBZ)
1730,UNK,1 SW DOCTOR HEIGHTS,BEAVER,PA,40.68,-80.29,TREE BLOWN DOWN IN MONACA/CENTER TOWNSHIP CEMETRY. (PBZ)
1731,UNK,SHARPSVILLE,MERCER,PA,41.26,-80.48,TREE DOWN ON 10TH STREET. PICTURE PROVIDED. TIME BASED OFF THE RADAR. (PBZ)
1732,UNK,MONACA,BEAVER,PA,40.68,-80.27,TREE DOWN BEHIND STEPHEN PHILLIPS APARTMENTS. TIME BASED OFF THE RADAR. (PBZ)
1733,UNK,UPPER SAINT CLAIR,ALLEGHENY,PA,40.34,-80.08,TREES UPROOTED AT SOUTH HILLS VILLAGE MALL. SMALL HAIL NOTED. TIME BASED OFF THE RADAR. (PBZ)
1733,UNK,IMPERIAL,ALLEGHENY,PA,40.45,-80.24,TREE UPROOTED. TIME ESTIMATED BY RADAR. (PBZ)
1734,UNK,KIMBOLTON,GUERNSEY,OH,40.15,-81.57,TREE REPORTED DOWN AT INTERSECTION OF 21 AND BRODHEAD ROADS. (PBZ)
1735,UNK,MARS,BUTLER,PA,40.7,-80.01,ROOF DAMAGE TO BUSINESS BETWEEN DUNCAN ALLEY AND GRAND AVE. VIDEO SURVEILLANCE FOOTAGE AVAILABLE. TIME ESTIMATED BASED ON RADAR. . (PBZ)
1735,UNK,HARMONY,BUTLER,PA,40.8,-80.13,PINE TREES DOWN. TIME ESTIMATED BY THE RADAR. (PBZ)
1736,UNK,GUYS MILLS,CRAWFORD,PA,41.63,-79.98,*DELAYED REPORT* LARGE PINE TREE FELL ONTO A ROAD AND TOOK DOWN POWER-LINES. TIME ESTIMATED VIA RADAR. (CLE)
1736,UNK,2 NW ASHVILLE,CHAUTAUQUA,NY,42.11,-79.41,SEVERAL UTILITY POLES SNAPPED OR BLOWN OVER ON BUTTS ROAD. (BUF)
1737,69,ALLEGHENY COUNTY AIRPOR,ALLEGHENY,PA,40.35,-79.92,CORRECTED TO THUNDERSTORM WIND GUST (PBZ)
1737,76,1 E MILLBROOK,MERCER,PA,41.25,-80.03,MEASURED GUST OF 76 MPH ON DAVIS ANEMOMETER. SHINGLES BLOWN OFF OF ROOF. (PBZ)
1737,58,4 WSW MEADVILLE,CRAWFORD,PA,41.63,-80.22,ASOS STATION KGKJ MEADVILLE. (CLE)
1739,UNK,1 SSW FERNWAY,BUTLER,PA,40.68,-80.14,TREE DOWN ON BRANDYWINE DR. IN CRANBERRY TWP. PICTURE PROVIDED. TIME BASED OFF THE RADAR. (PBZ)
1739,UNK,2 NE GREENFIELD,MERCER,PA,41.21,-80.34,TREE CAUGHT IN WIRES AND SMOKING ON YANKEE RIDGE ROAD. TIME BASED ON RADAR. (PBZ)
1740,UNK,PERRY NORTH,ALLEGHENY,PA,40.48,-80.02,TREE FELL ON PROPERTY ON DANBURY STREET. TIME ESTIMATED FROM RADAR. (PBZ)
1740,UNK,1 NNW CONNOQUENESSING,BUTLER,PA,40.83,-80.02,TREE DOWN. TIME ESTIMATED. (PBZ)
1740,UNK,1 ENE MAYVILLE,CHAUTAUQUA,NY,42.26,-79.49,TREES AND WIRES DOWN ON HOUSE. (BUF)
1741,UNK,FERNWAY,BUTLER,PA,40.7,-80.13,8 PINE TREES DOWN NEAR HAINE ELEMENTARY SCHOOL. PICTURE PROVIDED. TIME BASED OFF THE RADAR. (PBZ)
1741,UNK,NIXON,BUTLER,PA,40.78,-79.93,SIDING REMOVED FROM A PORTION OF A HOME. TIME BASED OFF THE RADAR. (PBZ)
1741,UNK,1 W MERIDIAN,BUTLER,PA,40.86,-79.97,TREE DOWN ON MERIDIAN ROAD. PICTURE PROVIDED. TIME BASED OFF THE RADAR. (PBZ)
1742,UNK,OAKMONT,ALLEGHENY,PA,40.52,-79.84,TREE DOWN ON HULTON ROAD. TIME BASED OFF THE RADAR. (PBZ)
1745,UNK,MURRSYVILLE,WESTMORELAND,PA,40.44,-79.66,TREE DOWN ON CHERRY DRIVE. PICTURE PROVIDED. (PBZ)
1745,UNK,SEVEN FIELDS,BUTLER,PA,40.69,-80.06,SIDING FROM A HOME PARTIALLY RIPPED OFF AND TREE DOWN. (PBZ)
1745,UNK,1 ESE COOKS SUMMIT,ARMSTRONG,PA,40.7,-79.53,SIDING BLOWN OFF OF A HOUSE AND SOME LARGE BRANCHES DOWN ON LAKEVIEW ROAD. TIME ESTIMATED FROM RADAR. (PBZ)
1745,UNK,1 N FREEPORT,ARMSTRONG,PA,40.7,-79.68,FOUR TREES DOWN. TIME ESTIMATED FROM RADAR. (PBZ)
1745,UNK,BUTLER,BUTLER,PA,40.86,-79.9,NUMEROUS TREES DOWN ON BONNIEBROOK ROAD (PBZ)
1746,UNK,BROCTON,CHAUTAUQUA,NY,42.39,-79.45,TREES AND WIRES DOWN ON RT 20. (BUF)
1747,UNK,WARWICK,WORTH,GA,31.83,-83.92,TREE DOWN NEAR THE INTERSECTION OF MAIN STREET AND SCHOOLHOUSE STREET IN WARWICK. (TAE)
1747,UNK,JACKTOWN,WESTMORELAND,PA,40.33,-79.73,LARGE BRANCHES/SMALL TREES SNAPPED. PICTURE PROVIDED. (PBZ)
1747,UNK,GLENSHAW,ALLEGHENY,PA,40.53,-79.97,TREE DOWN ON MT ROYAL BLVD. TIME BASED OFF THE RADAR. (PBZ)
1748,UNK,CENTERVILLE,CRAWFORD,PA,41.77,-79.79,*DELAYED REPORT* NUMEROUS CALLS FOR DOWNED TREES AND POWER-LINES CAME IN TO DISPATCH FROM ACROSS CRAWFORD COUNTY. POWER OUTAGES WERE MOST CONCENTRATED NEAR RICEVILLE AN (CLE)
1749,UNK,1 SW EMLENTON,VENANGO,PA,41.17,-79.72,TREES AND POWER LINES DOWN NEAR 1400 BLOCK OF BIG BEND ROAD IN SCRUBGRASS TOWNSHIP. (PBZ)
1749,UNK,SENECA,VENANGO,PA,41.38,-79.71,BIG PINE TREE DOWN BY LOGIN CABIN RESTAURANT ALONG BREDINSBURG ROAD. (PBZ)
1750,UNK,WAYNESBURG,GREENE,PA,39.9,-80.19,MANY REPORTS OF TREE AND POWER LINE DAMAGE ACROSS THE COUNTY... A FEW EXAMPLES INCLUDE ALEPPO TOWNSHIP... JEFFERSON... AND FRANKLIN TOWNSHIP. TIME ESTIMATED. (PBZ)
1754,UNK,SINCLAIRVILLE,CHAUTAUQUA,NY,42.26,-79.26,TREES AND WIRES DOWN. (BUF)
1754,UNK,FREDONIA,CHAUTAUQUA,NY,42.44,-79.33,MULTIPLE TREES AND WIRES DOWN IN FREDONIA. (BUF)
1757,UNK,OIL CITY,VENANGO,PA,41.43,-79.7,POWER POLE DAMAGE ON MAPLE AVE AND RIDGE AVE. PICTURE FROM COUNTY POLICE. TIME BASED OFF THE RADAR. (PBZ)
1757,62,7 NW DUNKIRK,LEZ061,NY,42.56,-79.43,CORRECTS PREVIOUS NON-TSTM WND GST REPORT FROM 7 NW DUNKIRK. (BUF)
1758,UNK,2 SSE CHAUTAUQUA,CHAUTAUQUA,NY,42.18,-79.45,NUMEROUS TREES DOWN ON ROADS IN MANGOLIA. (BUF)
1758,UNK,GERRY,CHAUTAUQUA,NY,42.19,-79.25,TREES AND WIRES DOWN. (BUF)
1800,UNK,CHESWICK,ALLEGHENY,PA,40.54,-79.8,60 FOOT TALL TREE PARTIALLY UPROOTED ON TO POWER LINES ON MEADOW AVENUE. TIME ESTIMATED FROM RADAR. (PBZ)
1800,UNK,FAIRMONT CITY,CLARION,PA,41,-79.32,TREES AND UTILITY LINES DOWN ACROSS SEVERAL ROADS... INCLUDING PICTURED TREE ON WIRES AT REDBANK VALLEY HIGH SCHOOL. TIME ESTIMATED FROM RADAR. (PBZ)
1800,UNK,1 NNE HUEY,CLARION,PA,41.09,-79.5,SHANNON TIPPLE ROAD CLOASED WITH POWER LINES AND TREE DOWN. PICTURE PROVIDED. TIME BASED OFF THE RADAR. (PBZ)
1800,UNK,3 ENE ENTERPRISE,WARREN,PA,41.64,-79.53,TREE DOWN ACROSS THE ROAD. (CTP)
1800,UNK,ELLICOTT,CHAUTAUQUA,NY,42.13,-79.24,MULTIPLE TREES AND WIRES DOWN IN ELLICOTT. (BUF)
1801,UNK,OAK RIDGE,ARMSTRONG,PA,41.01,-79.3,MULTIPLE TREES DOWN ON OAK RIDGE HILL. TIME BASED OFF THE RADAR. (PBZ)
1802,UNK,BUSTI,CHAUTAUQUA,NY,42.04,-79.28,TREES AND WIRES DOWN IN THE TOWN OF BUSTI. (BUF)
1802,UNK,CHERRY CREEK,CHAUTAUQUA,NY,42.29,-79.09,MULTIPLE TREES AND WIRES DOWN IN CHERRY CREEK. (BUF)
1803,59,2 NNE CELORON,CHAUTAUQUA,NY,42.13,-79.27,AWOS STATION KJHW JAMESTOWN AIRPORT. (BUF)
1805,UNK,INDIANA,INDIANA,PA,40.62,-79.16,A CHURCH ON SOUTH 9TH STREET LOST SOME OF ITS ROOF AND A NEARBY TELEPHONE POLE WAS SNAPPED. TIME ESTIMATED FROM RADAR. (PBZ)
1805,UNK,HAWTHORN,CLARION,PA,41.03,-79.28,TREE BLOCKING TRUITTSBURG ROAD. TIME ESTIMATED (PBZ)
1806,UNK,ELLINGTON,CHAUTAUQUA,NY,42.22,-79.11,TREES AND WIRES DOWN. (BUF)
1806,UNK,DAYTON,CATTARAUGUS,NY,42.42,-78.98,TREES DOWN IN THE TOWN OF DAYTON. (BUF)
1806,UNK,PERRYSBURG,CATTARAUGUS,NY,42.46,-79,TREES AND WIRES DOWN. (BUF)
1807,UNK,SMICKSBURG,INDIANA,PA,40.87,-79.17,NUMEROUS TREES DOWN AROUND THE CITY. ROADS IMPACTED WERE: HEMLOCK ACRES ROAD... GOODVILLE ROAD... AND NORTH POINT PARK ROAD. TIME BASED ON THE RADAR. (PBZ)
1808,UNK,1 ENE LEITH,FAYETTE,PA,39.89,-79.71,ROOF BLOWN OFF OF OLD HOPWOOD GYM (PBZ)
1808,UNK,FALCONER,CHAUTAUQUA,NY,42.12,-79.2,TREE DOWN. (BUF)
1810,UNK,3 ESE YOUNGSVILLE,WARREN,PA,41.83,-79.26,MULTIPLE TREES DOWN. (CTP)
1810,UNK,RANDOLPH,CATTARAUGUS,NY,42.16,-78.98,TREES AND WIRES DOWN. (BUF)
1810,UNK,PERSIA,CATTARAUGUS,NY,42.38,-78.94,TREES DOWN IN THE TOWN OF PERSIA. (BUF)
1811,UNK,INDIANA,INDIANA,PA,40.62,-79.16,BIG TREE DOWN ON GRANDVIEW AVE AND 6TH STREET. POWER LINE POLE ALSO LEANING IN PICTURE. TIME BASED OFF THE RADAR. (PBZ)
1811,UNK,CHESTNUT GROVE,INDIANA,PA,40.64,-79.13,TREES DOWN NEAR INDIANA COUNTRY CLUB ON WREN ROAD. TIME BASED OFF THE RADAR. (PBZ)
1811,UNK,PUNXSUTAWNEY,JEFFERSON,PA,40.94,-78.98,MULTIPLE TREES DWON ON RAILROAD TRACKS NEAR 25 LEWIS STREET. TIME BASED OFF THE RADAR. (PBZ)
1813,UNK,1 W SAMPLE RUN,INDIANA,PA,40.66,-79.04,TREE DOWN ON ROUTE 286 AND SAMPLE RUN. PICTURE PROVIDED. TIME BASED OFF THE RADAR. (PBZ)
1813,UNK,CATTARAUGUS,CATTARAUGUS,NY,42.33,-78.87,TREES AND WIRES DOWN. (BUF)
1815,UNK,2 NW IDEAL,INDIANA,PA,40.65,-79.09,TREE ON POWER LINES ALONG ROUTE 286 NEAR THE PRISON. TIME BASED OFF THE RADAR. (PBZ)
1815,UNK,BIG RUN,JEFFERSON,PA,40.97,-78.88,APPROXIMATELY SIX INCH DIAMETER BRANCH BLOWN OFF OF A TREE. TIME ESTIMATED. (PBZ)
1815,UNK,2 N WARREN,WARREN,PA,41.87,-79.15,TREE AND WIRES DOWN. (CTP)
1816,UNK,2 N WARREN,WARREN,PA,41.87,-79.15,TREES DOWN ON CONEWANGO AVE. (CTP)
1817,UNK,LITTLE VALLEY,CATTARAUGUS,NY,42.25,-78.8,TREES AND WIRES DOWN. (BUF)
1820,UNK,MARIENVILLE,FOREST,PA,41.45,-79.08,TREES DOWN ON SEVERAL ROADS IN AND AROUND MARIENVILLE. TIME ESTIMATED FROM RADAR. (PBZ)
1821,UNK,SALAMANCA,CATTARAUGUS,NY,42.16,-78.72,TREES AND WIRES DOWN. (BUF)
1821,UNK,ELLICOTTVILLE,CATTARAUGUS,NY,42.27,-78.67,TREES AND WIRES DOWN. (BUF)
1825,64,DELEVAN,CATTARAUGUS,NY,42.42,-78.42,(BUF)
1825,UNK,DELEVAN,CATTARAUGUS,NY,42.49,-78.48,TREES AND WIRES DOWN. (BUF)
1826,UNK,1 NNW ATHENS,MERCER,WV,37.43,-81.02,NUMEROUS TREES DOWN IN THE ATHENS AREA. MERCER COUNTY 911 CENTER REPORTS THAT MULTIPLE TREES ARE DOWN COUNTYWIDE. POSSIBLE ROOF BLOWN OFF A HOME NEAR ATHENS REPORTED FR (RNK)
1828,UNK,SPRINGVILLE,ERIE,NY,42.51,-78.67,TREE DOWN ON WIRES IN SPRINGVILLE. (BUF)
1830,UNK,3 WNW WEST HICKORY,FOREST,PA,41.58,-79.46,TREES AND LINES DOWN IN HARMONY TOWNSHIP. TIME ESTIMATED FROM RADAR. (PBZ)
1830,UNK,SAINT BONAVENTURE,CATTARAUGUS,NY,42.08,-78.48,TREES AND WIRES DOWN. (BUF)
1831,UNK,EDGEBROOK,WASHINGTON,PA,40.3,-80.1,TREES DOWN ON MOCCASIN DRIVE... THOMPSONVILLE... AND OLD WASHINGTON ROAD. TIME BASED ON THE RADAR. (PBZ)
1831,UNK,OLEAN,CATTARAUGUS,NY,42.08,-78.43,TREES AND WIRES DOWN. (BUF)
1831,UNK,FRANKLINVILLE,CATTARAUGUS,NY,42.34,-78.46,TREES AND WIRES DOWN. (BUF)
1832,UNK,LIBRARY JUNCTION,WASHINGTON,PA,40.29,-80.06,TREES DOWN AND UPROOTED ALONG SCOTT LANE. TIME BASED OFF RADAR. (PBZ)
1833,UNK,EAST UNIONTOWN,FAYETTE,PA,39.9,-79.71,TELEPHONE POLE SNAPPED ON JOHN STREET (PBZ)
1835,UNK,1 S KANE,MCKEAN,PA,41.64,-78.81,TREE DOWN ACROSS 66. (CTP)
1835,UNK,2 NW ELDRED,MCKEAN,PA,41.97,-78.4,TREES DOWN ON WIRES. (CTP)
1838,UNK,YORKSHIRE,CATTARAUGUS,NY,42.52,-78.48,TREE DOWN ON WIRES NEAR BEYER RD & RT 16. (BUF)
1838,UNK,1 ENE YORKSHIRE,CATTARAUGUS,NY,42.53,-78.47,ONE TON AIR HANDLER DISPLACED OFF FOUNDATION ON ROOF OF PIONEER HIGH SCHOOL. (BUF)
1838,UNK,1 N YORKSHIRE,CATTARAUGUS,NY,42.53,-78.48,TREES DOWN BLOCKING ROAD AT RT 16 & RT 39. (BUF)
1840,UNK,2 WNW VINCO,CAMBRIA,PA,40.42,-78.88,TREES DOWN ACROSS BENSHOFF HILL ROAD. (CTP)
1840,UNK,MOUNT JEWETT,MCKEAN,PA,41.72,-78.64,TREES AND WIRES DOWN. (CTP)
1840,UNK,4 NNW REW,MCKEAN,PA,41.95,-78.53,TREES DOWN WITH WIRES. (CTP)
1840,UNK,1 SSW BRADFORD,MCKEAN,PA,41.95,-78.64,TREE AND WIRES DOWN. (CTP)
1844,UNK,ARCADE,WYOMING,NY,42.53,-78.43,NUMEROUS REPORTS OF TREES AND WIRES DOWN. (BUF)
1845,UNK,1 W MOUNT BRADDOCK,FAYETTE,PA,39.95,-79.66,TELEPHONE POLES SNAPPED AND WIRES DOWN ON UNIVERSITY DRIVE. (PBZ)
1848,UNK,RUSHFORD,ALLEGANY,NY,42.39,-78.25,TREES AND WIRES DOWN. (BUF)
1848,UNK,JAVA CENTER,WYOMING,NY,42.65,-78.39,TREES AND WIRES DOWN. (BUF)
1850,UNK,2 WNW MARSHBURG,MCKEAN,PA,41.86,-78.8,TREE DOWN ON ROUTE 59. (CTP)
1851,UNK,1 N SOUTHEAST MEMPHIS,SHELBY,TN,35.09,-89.89,TREES UPROOTED OR SNAPPED; ROOF BLOWN OFF. (MEG)
1851,UNK,3 W BLANDBURG,CAMBRIA,PA,40.69,-78.5,TREE DOWN. (CTP)
1853,58,2 SW WELLSVILLE,ALLEGANY,NY,42.1,-77.98,ASOS STATION KELZ WELLSVILLE AIRPORT. (BUF)
1853,UNK,HUME,ALLEGANY,NY,42.47,-78.14,TREES AND WIRES DOWN IN HUME. (BUF)
1855,UNK,DRIFTWOOD,CAMERON,PA,41.34,-78.14,MOBILE HOME UNIT ROLLED OVER ON ITS ROOF REMAINING ESSENTIALLY INTACT. REPORT RELAYED VIA SOCIAL MEDIA. (CTP)
1900,UNK,2 N STEVENSON DAM,CAMERON,PA,41.45,-78.06,TREES DOWN AT SINNEMAHONING STATE PARK. (CTP)
1901,UNK,GRANGER,ALLEGANY,NY,42.48,-78.02,TREES AND WIRES DOWN IN GRANGER. (BUF)
1903,UNK,ANGELICA,ALLEGANY,NY,42.3,-78.02,SEVERAL TREES AND WIRES DOWN IN ANGELICA. (BUF)
1903,UNK,PIKE,WYOMING,NY,42.56,-78.15,TWO REPORTS OF TREES DOWN. (BUF)
1903,UNK,ATTICA,WYOMING,NY,42.87,-78.28,TREES AND WIRES DOWN. (BUF)
1907,UNK,NUNDA,LIVINGSTON,NY,42.58,-77.94,TREES AND WIRES DOWN IN NUNDA. (BUF)
1908,UNK,3 NE STATE COLLEGE,CENTRE,PA,40.82,-77.82,WIRES DOWN. (CTP)
1909,UNK,1 WNW STATE COLLEGE,CENTRE,PA,40.8,-77.88,WIRES DOWN. (CTP)
1909,60,2 SW WELLSVILLE,ALLEGANY,NY,42.1,-77.98,ASOS STATION KELZ WELLSVILLE AIRPORT. (BUF)
1910,UNK,4 N AUSTIN,POTTER,PA,41.7,-78.08,TREE DOWN ON WIRES. (CTP)
1910,62,4 S DALTON,ALLEGANY,NY,42.49,-77.95,MESONET STATION GROV GROVE. (BUF)
1911,UNK,WELLSVILLE,ALLEGANY,NY,42.12,-77.95,SEVERAL REPORTS OF TREES AND WIRES DOWN IN WELLSVILLE. (BUF)
1911,UNK,GROVELAND,LIVINGSTON,NY,42.66,-77.77,TREES AND WIRES DOWN IN GROVELAND. (BUF)
1911,UNK,MOUNT MORRIS,LIVINGSTON,NY,42.72,-77.88,TREE DOWN STRIKING HOUSE. (BUF)
1911,UNK,PERRY,WYOMING,NY,42.72,-78.01,TREES AND WIRES DOWN. (BUF)
1914,UNK,YORK,LIVINGSTON,NY,42.87,-77.89,TREES AND WIRES DOWN IN YORK. (BUF)
1915,UNK,CHESTNUT GROVE,INDIANA,PA,40.64,-79.13,PICTURES PROVIDED OF 3 SNAPPED TREES AND ONE UPROOTED TREE ON WREN STREET. TIME ESTIMATED FROM RADAR. (PBZ)
1915,UNK,2 NNE STATE COLLEGE,CENTRE,PA,40.81,-77.84,POWER POLES DAMAGED. (CTP)
1920,61,3 S HARTSVILLE,STEUBEN,NY,42.21,-77.69,MESONET STATION HART HARTSVILLE. (BGM)
1925,UNK,SEWARD,WESTMORELAND,PA,40.41,-79.02,*** 1 INJ *** BRANCHES FROM A FALLEN TREE STRUCK AND INJURED A FEMALE'S NECK. TIME ESTIMATED FROM RADAR. (PBZ)
1925,UNK,COHOCTON,STEUBEN,NY,42.5,-77.49,WIRES DOWN ON MAIN STREET. (BGM)
1930,68,1 N STATE COLLEGE,CENTRE,PA,40.81,-77.86,MEASURED AT TOP OF BEAVER STADIUM. (CTP)
1930,UNK,1 SW BATH,STEUBEN,NY,42.33,-77.34,TREE DOWN ON A MINIVAN. NO INJURIES. (BGM)
1930,69,3 ENE COHOCTON,STEUBEN,NY,42.51,-77.44,MESONET STATION COHO COHOCTON. (BGM)
1930,UNK,2 SW NAPLES,ONTARIO,NY,42.6,-77.43,TREE AND WIRES DOWN ON EELPOT RD BETWEEN MAXFIELD RD AND ROUTE 21. (BUF)
1935,UNK,1 NNW SEDALIA MEMORIAL,PETTIS,MO,38.72,-93.18,ROOF DAMAGED ON MOBILE HOME. REPORT VIA SOCIAL MEDIA. (EAX)
1935,58,3 NNE LEONARD HARRISON,TIOGA,PA,41.73,-77.39,(CTP)
1935,UNK,3 SW GAINES,TIOGA,PA,41.75,-77.57,TREES DOWN ALONG ROUTE 6. (CTP)
1938,UNK,3 N EBENSBURG,CAMBRIA,PA,40.54,-78.72,TREES DOWN. (CTP)
1942,UNK,4 SE CAMERON MILLS,STEUBEN,NY,42.13,-77.32,MULTIPLE TREES DOWN IN RATHBONE AND ADDISON AREAS. (BGM)
1945,UNK,1 W HONEOYE,ONTARIO,NY,42.79,-77.54,TREE DOWN IN THE TOWN OF RICHMOND. (BUF)
1946,UNK,2 SSW ROANOKE,CITY OF ROANOKE,VA,37.25,-79.97,TREE DOWN ON POWER LINES AND ROAD AT THE INTERSECTION OF COLONIAL AVENUE SOUTHWEST AND PERSINGER ROAD SOUTHWEST. PERSON REPORTING THIS INCIDENT NOTED THAT THE POWER LIN (RNK)
1950,UNK,3 SSE WESTFIELD,TIOGA,PA,41.87,-77.52,MULTIPLE TREES DOWN... ONE ON A BARN ROOF. (CTP)
1950,UNK,GANG MILLS,STEUBEN,NY,42.15,-77.14,TREE DOWN ON A HOUSE ON OVERBROOK ROAD WITH STRUCTURAL DAMAGE. (BGM)
1955,UNK,WOODHULL,STEUBEN,NY,42.08,-77.42,MULTIPLE REPORTS OF TREES AND WIRES DOWN. (BGM)
1956,UNK,FISHERS,ONTARIO,NY,43.02,-77.46,TREE AND WIRES DOWN ON LOWER FISHERS ROAD IN FISHERS. (BUF)
1957,UNK,5 SW DOUGLAS,COFFEE,GA,31.46,-82.91,STRUCTURAL DAMAGE ON ISLAND DR/BASSWOOD DR ON EAST SIDE OF HILLIARDS POND. TREES DOWN ON PINE NEEDLE RD ON SOUTH SIDE OF HILLIARDS POND. TIME ESTIMATED FROM RADAR. (JAX)
1957,UNK,5 WSW DOUGLAS,COFFEE,GA,31.47,-82.93,TREES AND POWER LINES DOWN ON BAYMEADOWS DRIVE W. TIME ESTIMATED FROM RADAR. (JAX)
2000,58,1 ESE TOWNSEND,SCHUYLER,NY,42.34,-76.92,MESONET STATION FW3867 WATKINS GLEN. (BGM)
2002,UNK,2 S GENEVA,ONTARIO,NY,42.84,-76.98,TREE DOWN ON WIRES ON ROUTE 14 AND DWYER RD. (BUF)
2005,UNK,WELLSBORO,TIOGA,PA,41.75,-77.3,TREES DOWN. (CTP)
2010,63,1 WSW SMITH VALLEY,SCHUYLER,NY,42.41,-76.77,MESONET STATION BURD BURDETT. (BGM)
2012,UNK,2 S ROCKY MOUNT,FRANKLIN,VA,36.97,-79.89,REPORT FROM MPING: 1-INCH TREE LIMBS BROKEN; SHINGLES BLOWN OFF ROOF. (RNK)
2019,UNK,3 SSE SMITH VALLEY,SCHUYLER,NY,42.38,-76.71,TREES AND WIRES DOWN ON ROUTE 6. (BGM)
2020,58,1 SSE HORSEHEADS,CHEMUNG,NY,42.16,-76.83,MESONET STATION 1869W HORSEHEADS HIGH SCHOOL. (BGM)
2025,UNK,SCREVEN,WAYNE,GA,31.49,-82.02,TREE DOWN ACROSS THE STREET NEAR BROADHURST RD W AND SHARPE ST. TIME ESTIMATED FROM RADAR. (JAX)
2028,UNK,1 SW FIELDALE,HENRY,VA,36.7,-79.95,TREE DOWN ON THE EXIT RAMP GOING TOWARD RIDGEWAY... VA. EXIT RAMP IS BLOCKED BY THE DOWNED TREE. (RNK)
2029,UNK,2 NE ROANOKE,CITY OF ROANOKE,VA,37.29,-79.94,POWER LINES DOWN IN THE 100 BLOCK OF LACONIA AVENUE NORTHEAST. (RNK)
2029,UNK,2 NW ROANOKE,CITY OF ROANOKE,VA,37.3,-79.98,POWER LINE DOWN IN BACKYARD OF PRIVATE RESIDENCE IN THE 3200 BLOCK OF FOREST PARK BOULEVARD NORTHWEST. POWER LINE WIRES WERE DOWN IN THE TREES. (RNK)
2033,UNK,CAMPVILLE,TIOGA,NY,42.09,-76.15,TREE DOWN ON POWERLINE IN CAMPVILLE. (BGM)
2033,UNK,1 SSE MARATHON,CORTLAND,NY,42.43,-76.03,MULTIPLE REPORTS OF TREES DOWN IN THE MARATHON AREA. (BGM)
2035,UNK,3 NNW FOSTER,TIOGA,NY,42.18,-76.17,LARGE TREE DOWN ON POWER LINE. (BGM)
2036,UNK,1 NE CORTLAND,CORTLAND,NY,42.61,-76.17,TREE KNOCKED DOWN IN YARD. (BGM)
2037,UNK,2 SE ROANOKE AIRPORT,CITY OF ROANOKE,VA,37.31,-79.96,POWER LINES DOWN IN THE 2600 BLOCK OF CHURCHILL ROAD NORTHWEST. (RNK)
2045,UNK,2 SSW VINTON,CITY OF ROANOKE,VA,37.25,-79.91,TREE SNAPPED IN TWO AND DOWN ACROSS WOODLAND ROAD SOUTHEAST IN THE 2100 BLOCK OF THE ROAD. THE DOWNED TREE ALSO BROUGHT DOWN POWER LINES AS WELL. (RNK)
2045,UNK,3 ENE SALEM CITY,CITY OF ROANOKE,VA,37.3,-80.01,TREE AND POWER LINES DOWN IN THE 1000 BLOCK OF SILVERWOOD ROAD NORTHWEST. (RNK)
2047,UNK,GREENE,CHENANGO,NY,42.33,-75.77,MULTIPLE REPORTS OF TREES AND WIRES DOWN IN THE GREENE AREA. (BGM)
2050,58,1 SSW AHO,WATAUGA,NC,36.16,-81.62,(RNK)
2052,UNK,COVENTRY,CHENANGO,NY,42.32,-75.63,MULTIPLE REPORTS OF TREES AND WIRES DOWN IN THE COVENTRY AREA. (BGM)
2058,UNK,SOUTH OXFORD,CHENANGO,NY,42.38,-75.62,MULTIPLE REPORTS OF TREES AND WIRES DOWN AROUND AND SOUTH OF THE OXFORD AREA. (BGM)
2105,UNK,1 WSW LICKDALE,LEBANON,PA,40.45,-76.51,TREE DOWN AT LICKDALE CAMPGROUND. (CTP)
2111,UNK,STATE COLLEGE,CENTRE,PA,40.79,-77.85,LARGE TREE LIMB FELL ONTO FRONT OF A HOUSE. (CTP)
2135,UNK,2 NE THOMASVILLE,YORK,PA,39.94,-76.85,TREE AND WIRES DOWN. (CTP)
2202,UNK,1 N BRIDGEVILLE,SUSSEX,DE,38.76,-75.6,REPORT OF TRAIN FLIPPED OVER. TORNADO LIKELY. TIME ESTIMATED VIA RADAR. (PHI)
2205,98,2 SSE BRIDGEVILLE,SUSSEX,DE,38.72,-75.59,NANTICOKE RIVER BRIDGE DEOS MESONET MEASURED A 98 MPH GUST LIKELY DUE TO MESONET STATION HIT BY TORNADO. (PHI)
2211,UNK,1 W ELLENDALE,SUSSEX,DE,38.81,-75.44,REPORTS OF OFF AND ON TREE DAMAGE FROM ROUTE 13 TO ROUTE 113. TORNADO LIKELY. TIME ESTIMATED VIA RADAR. (PHI)
2220,UNK,1 SSW PYLESVILLE,HARFORD,MD,39.67,-76.38,TREES DOWN ONTO A VEHICLE. MINOR STRUCTURAL DAMAGE TO A ROOF TOP. (LWX)
2230,UNK,RISING SUN,CECIL,MD,39.7,-76.06,TREES DOWN IN THE RISING SUN AREA. (LWX)
2230,UNK,HONEY BROOK,CHESTER,PA,40.1,-75.91,PICTURE OF LARGE TREES DOWNED IN HONEY BROOK... PA. TIME ESTIMATED VIA RADAR. (PHI)
2232,UNK,WOODLAWN,CECIL,MD,39.63,-76.08,DELAYED REPORT. CECIL COUNTY EM REPORTED SEVERAL TREES AND POWER LINES DOWN ON ROADWAYS AROUND WOODLAWN... INCLUDING ON PRINCIPIO RD... JACKSON PARK RD... AND LIBERTY G (LWX)
2233,UNK,2 N ROCK CITY FALLS,SARATOGA,NY,43.09,-73.92,TREE DOWN ON WIRES. (ALY)
2235,UNK,PERRYVILLE,CECIL,MD,39.57,-76.07,DELAYED REPORT. CECIL COUNTY EMERGENCY MANAGEMENT REPORTED NUMEROUS TREES AND POWER LINES DOWNED ALONG ROADWAYS NORTH AND EAST OF PERRYVILLE. INCLUDING... MD-222... JAC (LWX)
2235,UNK,1 NE EDDY CORNERS,SARATOGA,NY,43.07,-73.76,WIRES DOWN UNION AVE AND HENNING ROAD (ALY)
2236,UNK,2 NE ABERDEEN,HARFORD,MD,39.53,-76.15,A TREE FELL ONTO A HOUSE ALONG LOCUST STREET. (LWX)
2240,UNK,2 ESE BAY VIEW,CECIL,MD,39.63,-75.92,DELAYED REPORT. CECIL COUNTY EM REPORTED TREES DOWN ON ROADWAYS NORTH OF NORTH EAST... MD. INCLUDING NEAR INTERSECTIONS OF STEVENSON RD AND MECHANICS VALLEY RD... AND N (LWX)
2240,UNK,1 SW WHITEMARSH TWP,MONTGOMERY,PA,40.08,-75.27,LARGE TREE DOWN ON BARREN HILL ROAD JUST WEST OF RIDGE PIKE. (PHI)
2242,UNK,1 NE KING OF PRUSSIA,MONTGOMERY,PA,40.1,-75.37,US-422 CLOSED IN BOTH DIRECTIONS BETWEEN THE PA-23 BRIDGEPORT AND PA 363 AT AUDUBON EXITS IN UPPER MERION TOWNSHIP... MONTGOMERY COUNTY DUE TO DOWNED UTILITY LINES. TIM (PHI)
2243,UNK,1 SSE CHERRY HILL,CECIL,MD,39.64,-75.85,MULTIPLE TREES DOWN ALONG ROUTE 213. (LWX)
2243,UNK,1 NNW LEE,BERKSHIRE,MA,42.32,-73.26,DOWNED TREE ON LAKE ROAD IN LEE... MA (ALY)
2244,UNK,1 SSW WHITEMARSH TWP,MONTGOMERY,PA,40.08,-75.26,REPORT FROM MPING: TREES UPROOTED OR SNAPPED; ROOF BLOWN OFF. TIME CORRECTED BASED ON RADAR. (PHI)
2245,71,NORTH EAST MD-LANDFILL,CECIL,MD,39.6,-75.91,(LWX)
2248,UNK,2 ENE ROME,FLOYD,GA,34.27,-85.16,MULTIPLE REPORTS OF TREES AND POWERLINES DOWN ACROSS ROADWAYS AND ON HOMES NORTH OF HWY 293... EAST OF RIVERSIDE PKWY... AND SOUTH AND WEST OF HWY 1. (FFC)
2248,UNK,COLONIAL HEIGHTS,NEW CASTLE,DE,39.75,-75.58,TREE INTO HOUSE ON NORTH CLEVELAND ROAD. TIME ESTIMATED VIA RADAR. (PHI)
2248,UNK,1 WNW CHESTNUT HILL,PHILADELPHIA,PA,40.08,-75.23,LARGE TREE DOWNED BLOCKING BELLS MILL ROAD IN ANDORRA SECTION OF PHILADELPHIA COUNTY. TIME ESTIMATED VIA RADAR. (PHI)
2249,68,LOWER MORELAND TWP,MONTGOMERY,PA,40.13,-75.06,(PHI)
2250,UNK,NEWARK,NEW CASTLE,DE,39.68,-75.76,MULTIPLE TREES INTO HOUSES REPORTED IN NEWARK. TIME ESTIMATED VIA RADAR. (PHI)
2250,UNK,1 NW NOTTINGHAM MANOR,NEW CASTLE,DE,39.69,-75.78,NWS STORM SURVEY FOUND SPORADIC STRAIGHT LINE WIND DAMAGE CONTINUING INTO NEW CASTLE COUNTY TO BE NOT ASSOCIATED WITH THE UPSTREAM TORNADO WHICH HAD DISSIPATED IN CECIL (PHI)
2251,UNK,LANGHORNE,BUCKS,PA,40.18,-74.92,PICTURES OF TREES AND FENCING DOWN IN LANGHORNE... PA. TIME ESTIMATED VIA RADAR. (PHI)
2255,UNK,RIVERTON,BURLINGTON,NJ,40.01,-75.01,STRONG DOWNBURST WINDS ACROSS PARTS OF PALMYRA... RIVERTON... AND CINNAMINSON PRECEDED THE TORNADO THAT FORMED AND IMPACTED CINNAMINSON... DELRAN... AND MOORESTOWN. NUM (PHI)
2258,UNK,2 NNE EWING,MERCER,NJ,40.29,-74.79,REPORT OF LARGE TREE DOWN BLOCKING THE OFFRAMP ON I-295 TO ROUTE 31. TIME ESTIMATED VIA RADAR. (PHI)
2300,UNK,AMHERST,AMHERST,VA,37.58,-79.05,NUMEROUS TREES DOWN THROUGHOUT THE COUNTY. A NUMBER OF POWER LINES DOWN AS WELL. NO STRUCTURAL DAMAGE OR BLOCKED ROADS NOTED AT THIS TIME. (RNK)
2300,UNK,CASTLE HILLS,NEW CASTLE,DE,39.69,-75.56,TREES DOWN INTO A HOUSE ON WARDOR AVE. TIME ESTIMATED VIA RADAR. (PHI)
2304,UNK,2 S RANCOCAS,BURLINGTON,NJ,39.98,-74.87,A FEW SMALL TREES UPROOTED AND SECTIONS OF VINYL FENCING BLOWN OUT. LIKELY FROM THE RFD OF THE UPSTREAM TORNADO. TIME ESTIMATED FROM RADAR. (PHI)
2305,60,MOORESTOWN,BURLINGTON,NJ,39.98,-74.9,(PHI)
2305,UNK,1 E NEW ALBANY,BURLINGTON,NJ,40,-74.96,LARGE AMOUNT OF TREE DAMAGE FROM RIVERTON COUNTRY CLUB ALONG A STRAIGHT LINE TO PARRY ROAD... TENBY CHASE DRIVE... AND HAINES MILL ROAD IN DELRAN. TORNADO POSSIBLE. TIM (PHI)
2306,65,1 WNW BURLINGTON,BURLINGTON,NJ,40.08,-74.87,TIME ESTIMATED VIA RADAR. (PHI)
2306,UNK,2 ESE BORDENTOWN TWP,BURLINGTON,NJ,40.13,-74.67,LARGE PINE TREE UPROOTED AT A RESIDENCE ALONG OLD YORK ROAD. TIME ESTIMATED FROM RADAR. (PHI)
2306,UNK,2 ESE TRENTON,MERCER,NJ,40.2,-74.74,PICTURES OF LARGE TREES DOWNED ON LALOR STREET IN HAMILTON... NJ. TIME ESTIMATED VIA RADAR. (PHI)
2306,UNK,SOUTH BRUNSWICK TWP,MIDDLESEX,NJ,40.38,-74.53,LARGE TREES DOWNED BLOCKING MAJOR ROAD. TIME ESTIMATED VIA RADAR. (PHI)
2307,UNK,PENNSVILLE,SALEM,NJ,39.65,-75.52,TREE DOWN ON RIVIERA DRIVE NEAR BOSTON ROAD. TIME ESTIMATED VIA RADAR. (PHI)
2307,62,PHILADELPHIA INTERNATIO,PHILADELPHIA,PA,39.88,-75.22,(PHI)
2307,UNK,2 S YARDVILLE,BURLINGTON,NJ,40.15,-74.67,NWS STORM SURVEY FOUND SIGNIFICANT STRAIGHT LINE WIND DAMAGE ALONG WARD AVENUE BETWEEN BORDENTOWN AND CROSSWICKS NEAR THE GARDEN STATE YOUTH CORRECTIONS FACILITY. NUMER (PHI)
2308,UNK,1 E NEW ALBANY,BURLINGTON,NJ,40,-74.96,PICTURES OF TREES AND FENCES DOWNED. TIME ESTIMATED VIA RADAR. (PHI)
2308,UNK,2 N CHESTERFIELD,BURLINGTON,NJ,40.15,-74.64,NWS STORM SURVEY FOUND SUBSTANTIAL STRAIGHT LINE WIND DAMAGE WITHIN A ROUGHLY 2 MILE SWATH NEAR AND SOUTH OF CROSSWICKS EXTENDING EAST AND EVENTUALLY IMPACTING ELLISDAL (PHI)
2310,71,YARDVILLE,MERCER,NJ,40.18,-74.66,(PHI)
2312,UNK,CINNAMINSON,BURLINGTON,NJ,40,-74.99,TREES BLOCKING RIVERTON ROAD. TIME ESTIMATED VIA RADAR. (PHI)
2313,UNK,1 N NORTH HANOVER TWP,MONMOUTH,NJ,40.15,-74.59,NWS STORM SURVEY FOUND STRAIGHT LINE WIND DAMAGE ALONG POLHEMUSTOWN ROAD AND ALONG ELLISDALE ROAD NEARBY. THIS DAMAGE WAS SOUTH OF THE TORNADIC CIRCULATION WITHIN THE R (PHI)
2315,UNK,STEVENSVILLE,QUEEN ANNE'S,MD,38.99,-76.31,REPORT OF A TREE BLOWN DOWN INTO A HOUSE. TIME ESTIMATED FROM RADAR. (PHI)
2315,60,2 SSW ROCK HALL,KENT,MD,39.12,-76.25,HUNTINGFIELD POINT MEASURED WIND GUST TO 60 MPH AT 7:15 PM. (PHI)
2315,UNK,CHESTERTOWN,KENT,MD,39.22,-76.07,REPORTS OF SEVERAL TREES DOWN ACROSS KENT COUNTY. TIME ESTIMATED FROM RADAR. (PHI)
2317,60,WOODSTOWN,SALEM,NJ,39.65,-75.32,TRAINED SPOTTER REPORTS 60 MPH GUST. TIME ESTIMATED VIA RADAR. (PHI)
2318,UNK,1 NNE ELLISBURG,CAMDEN,NJ,39.93,-74.99,TREES DOWNED ON SPRINGDALE ROAD NEAR CHURCH ROAD AND ROUTE 70. (PHI)
2324,UNK,1 S IMLAYSTOWN,MONMOUTH,NJ,40.15,-74.52,TREES AND WIRES DOWN ON DAVIS STATION ROAD IN UPPER FREEHOLD. POSSIBLE TORNADO. TIME ESTIMATED VIA RADAR. (PHI)
2329,UNK,1 W JACKSON,OCEAN,NJ,40.13,-74.29,A PATH OF TREE DAMAGE INCLUDING TREES SNAPPED AND SHED MOVED. (PHI)
2330,60,6 ESE WOODLAND BEACH,ANZ430,DE,39.31,-75.38,SHIP JOHN SHOAL. (PHI)
2330,UNK,1 SW HOWELL,MONMOUTH,NJ,40.15,-74.23,PICTURES OF SIGNIFICANT TREE DAMAGE AROUND HOWELL WITH REPORTS OF POWER OUTAGES AND WIRES DOWNED. POSSIBLE TORNADO. TIME ESTIMATED VIA RADAR. (PHI)
2331,UNK,2 NE LAKEWOOD TWP,MONMOUTH,NJ,40.12,-74.19,A FEW TREES UPROOTED AT THE HOWELL MOBILE PARK. TIME ESTIMATED FROM RADAR. (PHI)
2332,UNK,2 SSW HOWELL,MONMOUTH,NJ,40.14,-74.23,REPORT OF GAZEBO LIFTED FROM PORCH. TORNADO POSSIBLE. TIME ESTIMATED VIA RADAR. (PHI)
2333,62,1 NW LAKEWOOD,OCEAN,NJ,40.08,-74.18,(PHI)
2333,UNK,HOWELL,MONMOUTH,NJ,40.16,-74.23,PICTURES OF LARGE TREES DOWNED ON LAKE DRIVE AND ALDRICH DRIVE IN HOWELL. POSSIBLE TORNADO. TIME ESTIMATED VIA RADAR. (PHI)
2338,58,5 W LAKEHURST,OCEAN,NJ,40.03,-74.39,(PHI)
2340,UNK,1 W RAMTOWN,MONMOUTH,NJ,40.12,-74.17,TREES SNAPPED AND LARGE BRANCHES DOWN. A VEHICLE WAS DAMAGED. PROBABLE TORNADO. (PHI)
2341,61,3 ESE FARMINGDALE,MONMOUTH,NJ,40.19,-74.12,(PHI)
2343,UNK,2 S LUSBY,CALVERT,MD,38.38,-76.46,MULTIPLE TREES DOWN ON THE SOUTH SIDE OF LUSBY. (LWX)
2344,58,MILLVILLE MUNICIPAL AIR,CUMBERLAND,NJ,39.37,-75.07,(PHI)
2350,70,PATUXENT RIVER NAS,ST. MARYS,MD,38.28,-76.41,(LWX)
2350,58,COLTS NECK,MONMOUTH,NJ,40.29,-74.18,TIME ESTIMATED VIA RADAR. (PHI)
0000,UNK,2 SW LYNCHBURG CITY,CITY OF LYNCHBURG,VA,37.4,-79.17,REPORT FROM MPING: 1-INCH TREE LIMBS BROKEN; SHINGLES BLOWN OFF. (RNK)
0003,UNK,SANDY POINT,WESTMORELAND,VA,38.06,-76.53,NUMEROUS TREES DOWN. WINDOWS BROKEN AND SHINGLES BLOWN OFF HOMES. ROAD SIGNS BENT OVER. (AKQ)
0004,60,ATLANTIC CITY INTERNATI,ATLANTIC,NJ,39.45,-74.57,(PHI)
0005,59,SURF CITY,OCEAN,NJ,39.66,-74.17,WUNDERGROUND STATION KNJSURFC12. (PHI)
0012,62,1 S LEWISETTA,NORTHUMBERLAND,VA,38,-76.46,BUOY STATION LWTV2 LEWISETTA... VA. (AKQ)
0012,62,7 SSE SAINT GEORGE ISLA,ANZ537,MD,38.01,-76.45,(LWX)
0012,UNK,3 ESE DENNISVILLE,CAPE MAY,NJ,39.18,-74.76,MULTIPLE TREES DOWNED ON CORSON TAVERN ROAD AND ROUTE 9. TIME ESTIMATED VIA RADAR. (PHI)
0014,59,POINT LOOKOUT,ANZ537,MD,38.04,-76.32,(LWX)
0014,63,WEBSTER FIELD,ST. MARYS,MD,38.15,-76.42,(LWX)
0015,UNK,KINSALE,WESTMORELAND,VA,38.03,-76.58,BROKEN POWER POLE ON GREAT HOUSE ROAD IN KINSALE. TIME RADAR ESTIMATED. (AKQ)
0017,UNK,2 W SALISBURY-WICOMICO,WICOMICO,MD,38.34,-75.54,SEVERAL LARGE TREE LIMBS DOWNED ALONG WARD ROAD JUST EAST OF US-13. TIM IS RADAR ESTIMATED. (AKQ)
0027,UNK,1 ENE ALLEN,WICOMICO,MD,38.3,-75.67,POWER POLE DOWNED AND SPARKING ON ALLEN ROAD. (AKQ)
0027,UNK,2 W SALISBURY-WICOMICO,WICOMICO,MD,38.34,-75.54,CORRECTS PREVIOUS TSTM WND DMG REPORT FROM 2 W SALISBURY-WICOMICO. SEVERAL LARGE TREE LIMBS DOWNED ALONG WARD ROAD JUST EAST OF US-13. TIME IS RADAR ESTIMATED. (AKQ)
0031,UNK,2 N PRINCESS ANNE,SOMERSET,MD,38.23,-75.69,TREE DOWNED AND PARTIALLY BLOCKING US-13 NORTH OF PRINCESS ANNE. (AKQ)
0035,UNK,1 SW HOPEWELL,SOMERSET,MD,38,-75.83,TREE DOWNED ON OLD STATE ROAD AT MD-413. REPORT VIA SOCIAL MEDIA. (AKQ)
0037,UNK,2 W LONGRIDGE,WORCESTER,MD,38.26,-75.55,SEVERAL LARGE PINE TREES SNAPPED AT THE 30-50 FOOT LEVEL AND A FEW OTHER SNAPPED CLOSER TO THE GROUND. ALL TREES AND DEBRIS ARE LAYING IN A SINGULAR DIRECTION TOWARD TH (AKQ)
0042,UNK,2 NW SHACKLEFORDS,KING AND QUEEN,VA,37.57,-76.76,SEVERAL TREES REPORTED DOWNED ALONG US-14. TIME RADAR ESTIMATED. (AKQ)
0050,UNK,1 ESE NEWARK,WORCESTER,MD,38.24,-75.27,TREE DOWN ON MARSHALL CREEK ROAD. (AKQ)
0104,UNK,3 W DOWNTOWN RICHMOND,CITY OF RICHMOND,VA,37.54,-77.52,TRAINED SPOTTER REPORTED A 6 FOOT BY 12 FOOT SECTION OF CHAIN LINK FENCE FROM A CONSTRUCTION SITE KNOCKED OVER AND PARTIALLY PROTRUDING INTO THE ROAD ON FOREST HILL AVE (AKQ)
0107,UNK,DOWNTOWN RICHMOND,CITY OF RICHMOND,VA,37.53,-77.48,TRAINED SPOTTER REPORTED A LARGE TREE TRUNK BLOWN OVER NEAR THE 42ND STREET PORTION OF JAMES RIVER PARK. TIME ESTIMATED FROM RADAR. (AKQ)
0115,UNK,2 S HORNTOWN,ACCOMACK,VA,37.94,-75.46,LARGE TREE BRANCHES DOWNED AND BLOCKING CHINCOTEAGUE ROAD... VA-175. (AKQ)
0121,UNK,1 ENE WARRENDALE,ALLEGHENY,PA,40.66,-80.06,TREES DOWN (PBZ)
0140,UNK,3 SSW PUNGOTEAGUE,ACCOMACK,VA,37.6,-75.83,LARGE TREE DOWNED ON TO POWER LINE ON PEREGRINE RD AT FOREST GROVE ROAD. (AKQ)
0159,UNK,2 S ROCKY MOUNT,FRANKLIN,VA,36.97,-79.89,REPORT FROM MPING: TREES UPROOTED OR SNAPPED; SOME ROOF DAMAGE. (RNK)
